numero,pregunta
1,¿Qué pinturas sirven para metal?
2,¿Qué pinturas sirven para madera?
3,¿Qué pinturas sirven para graffiti?
4,¿Qué pintura sirve para piscina?
5,¿Qué pinturas sirven para hormigón?
6,¿Qué pinturas sirven para muro exterior?
7,¿Qué pinturas sirven para metal interior?
8,¿Qué pinturas sirven para metal exterior?
9,¿Qué productos son de la marca Tekbond?
10,¿Qué productos son de la marca Sipa?
11,¿Qué tipo o base tiene spray acrílico?
12,¿Qué acabado tiene spray acrílico?
13,¿Qué pinturas tienen acabado mate?
14,¿Qué pinturas son al agua?
15,¿Qué pinturas vienen en aerosol?
16,¿El anticorrosivo es recomendable para metal?
17,¿El látex interior es recomendable para yeso?
18,¿Qué características tiene primer automotriz?
19,¿Qué producto protege el metal del óxido?
20,¿Qué pinturas son para exterior?
